CODDEPTO,DEPARTAMENTO,CODMPIO,MUNICIPIO,1999,2000,2001,2002,2003,2004,2005,2006,2007,2008,2009,2010,2011,2012,2013,2014,2015,2016,2017,2018
91,AMAZONAS,91263,EL ENCANTO (Cor. Departamental),,,191.82,264.00,164.00,270.00,382.00,233.00,186.00,349.00,109.00,81.00,35.00,16.00,8.00,20.00,11.77,12.65,8.04,4.12
91,AMAZONAS,91405,LA CHORRERA (Cor. Departamental),,,65.00,236.00,209.00,271.00,257.00,223.00,132.00,349.00,81.00,113.00,36.00,22.00,25.00,51.00,13.61,14.09,18.20,6.04
91,AMAZONAS,91407,LA PEDRERA (Cor. Departamental),,,,,,,,,,,7.00,12.00,,1.00,,,,,,
91,AMAZONAS,91430,LA VICTORIA (Pacoa) (Cor. Departamental),,,,,,,,,,,2.00,10.00,,,,,,,,
91,AMAZONAS,91460,MIRITÍ-PARANÁ (Campoamor) (Cor. Departamental),,,6.00,43.00,36.18,30.00,12.00,4.00,9.00,2.00,4.00,15.00,,5.00,,,,,,
91,AMAZONAS,91530,PUERTO ALEGRÍA (Cor. Departamental),,,212.34,195.00,173.00,174.00,210.00,202.00,165.00,95.00,53.00,73.00,44.00,54.00,76.00,102.00,85.79,140.03,139.38,111.49
91,AMAZONAS,91536,PUERTO ARICA (Cor. Departamental),,,,1.00,6.36,,,,,,,,,,,,,,,
91,AMAZONAS,91669,SANTANDER (Araracuara) (Cor. Departamental),,,33.00,44.00,36.72,38.00,36.00,30.00,49.00,41.00,22.00,34.00,7.00,,1.00,,,,,
05,ANTIOQUIA,05031,AMALFI,58.97,96.54,36.61,110.00,74.00,173.00,210.00,342.00,246.00,151.00,108.00,103.00,29.00,170.00,48.00,40.00,28.36,130.81,197.94,205.61
05,ANTIOQUIA,05040,ANORÍ,431.69,183.63,201.25,369.00,613.71,753.00,759.00,836.00,533.00,787.00,239.00,526.00,208.00,361.00,107.00,199.00,256.05,661.70,"1,312.28",969.49
05,ANTIOQUIA,05045,APARTADÓ,,,,,,,,,,10.00,21.00,70.00,,19.00,5.00,6.00,8.90,9.48,7.93,1.51
05,ANTIOQUIA,05055,ARGELIA,,,,,4.00,21.00,21.00,15.00,2.00,1.00,3.00,9.00,42.00,5.00,2.00,,,,,
05,ANTIOQUIA,05107,BRICEÑO,17.88,18.16,24.17,17.00,20.00,54.00,115.00,44.00,329.00,85.00,50.00,94.00,38.00,53.00,5.00,27.00,91.45,736.94,414.90,289.04
05,ANTIOQUIA,05120,CÁCERES,169.66,91.45,229.11,116.00,537.00,539.00,650.00,579.00,552.00,524.00,382.00,"1,056.00",453.00,290.00,143.00,510.00,420.12,"1,131.27","1,943.61","1,826.23"
05,ANTIOQUIA,05134,CAMPAMENTO,,25.07,,8.00,,62.00,28.00,9.00,38.00,6.00,25.00,,,6.00,11.00,41.00,25.60,130.32,228.15,204.57
05,ANTIOQUIA,05142,CARACOLÍ,,,,,,,,1.00,,14.00,,2.00,2.00,,,,,,,
05,ANTIOQUIA,05147,CAREPA,,,,,,2.00,,,,4.00,,4.00,,,,,,,,
05,ANTIOQUIA,05148,CARMEN DE VIBORAL,,,,,,,,,,,2.00,,,,,,,,,
05,ANTIOQUIA,05154,CAUCASIA,,9.84,95.11,26.00,27.00,21.00,2.00,12.00,7.00,2.00,,,,,,,,5.89,,2.25
05,ANTIOQUIA,05172,CHIGORODÓ,,,,,,,,,,2.00,,7.00,1.00,7.00,4.00,1.00,,10.43,6.94,5.31
05,ANTIOQUIA,05197,COCORNÁ,,,,,,,,,,13.00,6.00,,1.00,4.00,,,,,,
05,ANTIOQUIA,05234,DABEIBA,,13.94,40.00,,,,,,,,40.00,4.00,2.00,4.00,,,,,,
05,ANTIOQUIA,05237,DON MATÍAS,,7.40,,,,,,,,,,,,,,,,,,
05,ANTIOQUIA,05250,EL BAGRE,88.63,63.81,452.25,327.00,524.00,546.00,721.00,463.00,"1,752.00",708.00,715.00,"1,110.00",317.00,339.00,96.00,21.00,85.34,446.31,595.17,811.02
05,ANTIOQUIA,05284,FRONTINO,,14.12,1.00,,,,,,,,,,,,,,,,,
05,ANTIOQUIA,05310,GÓMEZ PLATA,,14.83,24.96,2.00,,,,,,,,,,,,,,,,
05,ANTIOQUIA,05361,ITUANGO,223.98,121.00,134.67,130.00,200.00,135.00,161.00,76.00,45.00,228.00,250.00,16.00,82.00,138.00,27.00,108.00,41.37,305.23,865.56,882.69
05,ANTIOQUIA,05425,MACEO,,38.48,7.95,,,,,,,,,,,,,,,,,
05,ANTIOQUIA,05475,MURINDÓ,,,,,,,,,,,6.00,,3.00,,1.00,,,,,
05,ANTIOQUIA,05480,MUTATÁ,,,1.00,,,,,,,,,7.00,,10.00,4.00,,1.18,,6.65,3.49
05,ANTIOQUIA,05483,NARIÑO,50.42,,,,2.00,8.00,1.00,94.00,32.00,17.00,61.00,29.00,66.00,3.00,,1.00,,,,
05,ANTIOQUIA,05495,NECHÍ,,,15.67,57.00,125.00,195.00,365.00,335.00,"1,085.00",328.00,235.00,119.00,210.00,173.00,28.00,39.00,128.35,360.85,551.52,708.03
05,ANTIOQUIA,05490,NECOCLÍ,,,,,78.00,1.00,,,,,,,,,1.00,,,,,
05,ANTIOQUIA,05579,PUERTO BERRÍO,,138.31,,,,,,,,2.00,,,3.00,2.00,2.00,,,,,
05,ANTIOQUIA,05585,PUERTO NARE,,,,,,7.00,2.00,35.00,44.00,45.00,2.00,17.00,22.00,5.00,,,,,,
05,ANTIOQUIA,05591,PUERTO TRIUNFO,,,,,,,,1.00,,,,,,,,,,,,
05,ANTIOQUIA,05604,REMEDIOS,556.40,285.94,443.32,534.00,331.00,193.00,202.00,265.00,142.00,154.00,121.00,85.00,86.00,29.00,3.00,5.00,3.99,10.38,24.67,45.37
05,ANTIOQUIA,05628,SABANALARGA,,9.20,,1.00,,,,,,,,,,,,,,,,
05,ANTIOQUIA,05647,SAN ANDRÉS,1.72,,,,,,,,,,,,,,,,,,,
05,ANTIOQUIA,05649,SAN CARLOS,,,1.00,,,,,38.00,23.00,17.00,45.00,13.00,44.00,48.00,3.00,3.00,1.44,1.76,,
05,ANTIOQUIA,05652,SAN FRANCISCO,,,22.85,,17.00,,27.00,137.00,79.00,235.00,71.00,139.00,129.00,47.00,31.00,23.00,29.46,15.52,13.99,28.75
05,ANTIOQUIA,05660,SAN LUIS,,,13.02,,18.00,,83.00,197.00,102.00,271.00,182.00,37.00,114.00,21.00,11.00,12.00,8.33,8.23,4.57,8.91
05,ANTIOQUIA,05665,SAN PEDRO DE URABÁ,,,,,8.00,,,,,,1.00,,,,,,5.28,4.56,3.48,2.66
05,ANTIOQUIA,05667,SAN RAFAEL,,9.38,9.15,,,,,2.00,,8.00,17.00,,,4.00,,,,,,
05,ANTIOQUIA,05670,SAN ROQUE,,37.99,92.01,2.00,,,,,,3.00,,2.00,,4.00,,,,,,
05,ANTIOQUIA,05686,SANTA ROSA DE OSOS,7.13,,3.89,,,,,,,,,,,,,,,,,
05,ANTIOQUIA,05736,SEGOVIA,189.32,193.74,211.64,355.00,58.00,152.00,403.00,604.00,436.00,307.00,305.00,316.00,202.00,98.00,19.00,38.00,58.14,143.85,191.93,306.59
05,ANTIOQUIA,05756,SONSÓN,,,1.00,,55.00,25.00,41.00,84.00,25.00,70.00,16.00,45.00,44.00,10.00,10.00,3.00,2.70,2.32,,
05,ANTIOQUIA,05790,TARAZÁ,"1,020.77",539.99,684.18,337.00,537.00,"1,163.00","1,402.00","1,105.00","1,663.00",931.00,773.00,986.00,635.00,495.00,338.00,842.00,884.61,"2,797.31","3,803.68","3,728.41"
05,ANTIOQUIA,05819,TOLEDO,,,,,,,,,,,,,,,,,,,,3.44
05,ANTIOQUIA,05837,TURBO,,,,,151.00,21.00,,,,8.00,26.00,12.00,,17.00,35.00,18.00,45.44,97.99,61.01,56.84
05,ANTIOQUIA,05842,URAMITA,,14.57,3.58,,,,,,,,,,,,,,,,,
05,ANTIOQUIA,05847,URRAO,,,,,,14.00,,1.00,3.00,,,22.00,32.00,17.00,5.00,,,,,
05,ANTIOQUIA,05854,VALDIVIA,131.77,71.12,124.20,50.00,157.00,431.00,467.00,426.00,"1,027.00",409.00,422.00,134.00,199.00,76.00,32.00,298.00,189.59,"1,620.80","2,899.35","2,623.54"
05,ANTIOQUIA,05858,VEGACHÍ,82.47,8.56,66.41,74.00,75.00,49.00,38.00,25.00,58.00,22.00,20.00,,7.00,10.00,,1.00,,,36.45,42.29
05,ANTIOQUIA,05873,VIGÍA DEL FUERTE,,,,,,3.00,,,,,1.00,,13.00,,7.00,3.00,,,,
05,ANTIOQUIA,05885,YALÍ,106.34,36.33,89.81,47.00,46.00,27.00,22.00,,53.00,,6.00,,,,,10.00,12.37,17.66,52.31,58.28
05,ANTIOQUIA,05887,YARUMAL,,28.69,2.00,2.00,,68.00,6.00,17.00,8.00,,9.00,2.00,3.00,,1.00,13.00,3.16,40.04,93.90,87.63
05,ANTIOQUIA,05890,YOLOMBÓ,,80.46,71.94,7.00,17.00,,,,,,,,,,,4.00,1.44,4.73,13.34,23.41
05,ANTIOQUIA,05893,YONDÓ (Casabe),430.00,190.18,0.74,59.00,85.00,86.00,88.00,13.00,31.00,239.00,153.00,,69.00,8.00,,3.00,3.08,,4.58,6.50
05,ANTIOQUIA,05895,ZARAGOZA,76.70,204.20,281.81,399.00,505.00,416.00,600.00,400.00,"1,611.00",495.00,240.00,384.00,49.00,252.00,12.00,24.00,66.82,160.90,346.92,471.23
81,ARAUCA,81065,ARAUQUITA,,689.82,"1,325.09","1,647.00",293.84,939.00,"1,165.00",775.00,"1,090.00",205.00,200.00,123.00,42.00,58.00,44.00,16.00,9.12,6.34,116.63,7.44
81,ARAUCA,81300,FORTUL,,56.44,265.82,165.00,71.31,252.00,249.00,158.00,519.00,39.00,72.00,46.00,24.00,5.00,3.00,3.00,1.23,,,
81,ARAUCA,81591,PUERTO RONDÓN,,24.86,43.95,34.00,,10.00,36.00,50.00,18.00,15.00,8.00,3.00,2.00,,1.00,2.00,1.93,,4.59,
81,ARAUCA,81736,SARAVENA,,80.18,138.25,55.00,76.51,98.00,184.00,126.00,192.00,92.00,34.00,15.00,15.00,5.00,4.00,1.00,,,,
81,ARAUCA,81794,TAME,,127.06,396.23,314.00,96.38,253.00,249.00,197.00,297.00,96.00,103.00,60.00,50.00,14.00,17.00,4.00,4.85,2.57,,
13,BOLÍVAR,13006,ACHÍ,,17.31,1.00,,,,3.00,,20.00,,14.00,60.00,5.00,12.00,1.00,6.00,3.77,9.12,12.48,12.53
13,BOLÍVAR,13030,ALTOS DEL ROSARIO,,19.44,,,37.27,42.97,58.00,18.00,57.00,43.00,67.00,6.00,16.00,,,,,,,
13,BOLÍVAR,13042,ARENAL,,120.89,53.35,71.00,194.00,109.00,150.00,67.00,221.00,117.00,182.00,114.00,57.00,38.00,16.00,56.00,10.57,18.69,21.35,2.51
13,BOLÍVAR,13074,BARRANCO DE LOBA,,,,,51.33,53.00,82.00,29.00,63.00,31.00,68.00,22.00,16.00,,,,,,,
13,BOLÍVAR,13160,CANTAGALLO,"1,904.51","1,268.56","1,063.40",446.00,511.00,229.00,333.00,127.00,485.00,909.00,727.00,312.00,255.00,198.00,57.00,125.00,44.86,398.45,600.51,728.93
13,BOLÍVAR,13268,EL PEÑÓN,,,,,,2.12,,,,,,,,,,,,,,
13,BOLÍVAR,13458,MONTECRISTO,,150.07,103.11,45.00,231.00,287.00,255.00,237.00,"1,239.00",734.00,679.00,709.00,535.00,234.00,163.00,279.00,214.14,522.10,510.89,716.53
13,BOLÍVAR,13473,MORALES,243.98,167.70,184.44,64.00,145.00,78.00,115.00,152.00,285.00,156.00,163.00,300.00,55.00,98.00,19.00,100.00,36.40,167.65,208.58,234.16
13,BOLÍVAR,13490,NOROSI,,,,,,,,,,,,,,6.00,14.00,21.00,11.68,15.79,8.78,13.50
13,BOLÍVAR,13600,RIOVIEJO,,258.20,194.49,166.00,288.00,242.00,323.00,178.00,357.00,230.00,276.00,163.00,66.00,15.00,9.00,23.00,11.54,8.22,15.08,2.12
13,BOLÍVAR,13655,SAN JACINTO DEL CAUCA,,,,5.00,23.00,40.00,47.00,82.00,130.00,193.00,101.00,33.00,132.00,25.00,18.00,18.00,64.42,136.08,161.54,233.76
13,BOLÍVAR,13667,SAN MARTÍN DE LOBA,,8.13,,,67.46,180.00,176.00,67.00,144.00,77.00,114.00,82.00,17.00,,,1.00,,,4.25,4.14
13,BOLÍVAR,13670,SAN PABLO,"1,438.09","1,248.95","1,189.72",614.00,"1,105.00",756.00,638.00,334.00,579.00,"1,529.00",742.00,376.00,384.00,544.00,225.00,258.00,229.54,"1,255.50","2,300.37","3,315.51"
13,BOLÍVAR,13688,SANTA ROSA DEL SUR,"1,441.40","1,578.72","1,907.35",996.00,"1,336.00",925.00,"1,152.00",810.00,958.00,"1,319.00","1,083.00",745.00,264.00,526.00,336.00,488.00,307.29,968.38,"1,437.10","2,009.22"
13,BOLÍVAR,13744,SIMITÍ,869.03,821.28,"1,382.20",321.00,410.00,388.00,188.00,174.00,581.00,374.00,319.00,132.00,131.00,166.00,54.00,92.00,69.65,508.10,781.04,"1,206.26"
13,BOLÍVAR,13810,TIQUISIO (Puerto Rico),,300.80,61.54,7.00,72.00,69.00,150.00,107.00,513.00,135.00,242.00,270.00,274.00,106.00,13.00,98.00,39.16,86.20,117.04,134.51
15,BOYACÁ,15212,COPER,,,,3.00,3.00,,,1.00,,,,,,,,,,,,
15,BOYACÁ,15223,CUBARÁ,,154.42,47.30,6.00,8.04,,,,,8.00,4.00,7.00,,,,1.00,,,,
15,BOYACÁ,15401,LA VICTORIA,,,,,,,,,,,1.00,,,,,,,,,
15,BOYACÁ,15442,MARIPÍ,,19.30,,14.00,25.00,10.00,,4.00,,,,,,,,1.00,,,,
15,BOYACÁ,15480,MUZO,,,,1.00,39.00,11.00,2.00,13.00,,,,,,,,,,,,
15,BOYACÁ,15507,OTANCHE,,89.10,6.68,23.00,140.67,84.00,101.00,142.00,52.00,120.00,106.00,30.00,47.00,8.00,6.00,4.00,4.55,,,2.80
15,BOYACÁ,15531,PAUNA,,22.70,1.00,10.00,22.00,10.00,14.00,54.00,,,,,,,3.00,3.00,,,,
15,BOYACÁ,15572,PUERTO BOYACÁ,,,28.51,43.00,309.00,215.00,206.00,197.00,22.00,65.00,56.00,68.00,38.00,2.00,8.00,5.00,3.16,14.99,21.99,13.68
15,BOYACÁ,15580,QUÍPAMA,,14.02,,3.00,27.00,15.00,10.00,6.00,,,6.00,,1.00,,,,,,,
15,BOYACÁ,15681,SAN PABLO DE BORBUR,,22.79,,15.00,18.99,13.00,9.00,20.00,5.00,4.00,10.00,,8.00,,,,,,,
15,BOYACÁ,15696,SANTA SOFÍA,,,,,1.26,,,,,,,,,,,,,,,
15,BOYACÁ,15832,TUNUNGUÁ,,,,,,1.08,,4.00,,,,,,,,,,,,
17,CALDAS,17433,MANZANARES,,,,,0.81,,,,,,,,,,,,,,,
17,CALDAS,17495,NORCASIA,,,,,43.00,313.00,46.00,51.00,28.00,39.00,38.00,8.00,9.00,8.00,,,,,,
17,CALDAS,17541,PENSILVANIA,,,,,,1.11,7.46,14.00,7.00,12.00,2.00,7.00,7.00,,,,,,,
17,CALDAS,17662,SAMANÁ,,,,,9.90,41.00,132.00,380.00,21.00,136.00,127.00,30.00,30.00,8.00,8.00,,,,,
17,CALDAS,17867,VICTORIA,,,,,,2.97,4.00,16.00,,,,,,,,,,,,
18,CAQUETÁ,18029,ALBANIA,159.16,251.62,180.00,125.00,122.00,698.00,149.00,106.00,61.00,10.00,12.00,7.00,7.00,2.00,7.00,18.00,32.50,53.64,63.28,61.92
18,CAQUETÁ,18094,BELÉN DE LOS ANDAQUÍES,102.01,176.02,40.00,64.00,135.00,112.00,157.00,132.00,30.00,185.00,63.00,79.00,193.00,89.00,85.00,92.00,132.03,147.20,201.43,303.88
18,CAQUETÁ,18150,CARTAGENA DEL CHAIRÁ,"6,405.49","13,551.44","5,930.52","3,989.00","1,990.00","1,203.00","1,836.00","1,674.00","1,916.00","1,374.00",781.00,603.00,409.00,456.00,703.00,"1,050.00",948.62,"1,187.95","1,369.17","1,006.74"
18,CAQUETÁ,18205,CURILLO,"1,590.18","1,163.77",754.10,581.00,202.00,252.00,253.00,265.00,283.00,44.00,114.00,125.00,69.00,188.00,208.00,259.00,459.51,368.15,471.31,342.83
18,CAQUETÁ,18247,EL DONCELLO,3.44,80.30,41.00,3.00,22.05,13.00,52.00,52.00,84.00,102.00,143.00,55.00,70.00,101.00,68.00,233.00,303.46,552.76,454.95,413.36
18,CAQUETÁ,18256,EL PAUJIL,24.04,154.36,149.00,3.00,12.35,30.00,29.00,32.00,88.00,39.00,66.00,31.00,112.00,99.00,114.00,240.00,267.63,415.85,951.65,704.08
18,CAQUETÁ,18001,FLORENCIA,32.19,34.63,,24.00,69.00,90.00,6.00,4.00,19.00,14.00,10.00,9.00,105.00,31.00,25.00,31.00,52.84,98.39,218.40,267.99
18,CAQUETÁ,18460,MILÁN,"3,004.78",995.87,525.88,172.00,321.00,348.00,255.00,414.00,532.00,174.00,217.00,181.00,290.00,251.00,359.00,530.00,695.74,"1,040.24","1,135.54","1,226.44"
18,CAQUETÁ,18410,MONTAÑITA,"1,405.74","1,193.01",568.63,201.00,535.00,188.00,316.00,292.00,637.00,315.00,267.00,239.00,409.00,649.00,816.00,"1,335.00","1,503.49","1,743.71","2,491.73","2,989.69"
18,CAQUETÁ,18479,MORELIA,,6.39,2.00,4.00,0.58,554.00,2.00,18.00,5.00,5.00,6.00,1.00,1.00,5.00,10.00,,1.04,,16.06,21.04
18,CAQUETÁ,18592,PUERTO RICO,154.74,437.30,118.00,246.00,384.00,279.00,91.00,143.00,191.00,458.00,429.00,148.00,316.00,219.00,207.00,354.00,415.94,545.83,"1,635.95","1,454.45"
18,CAQUETÁ,18610,SAN JOSÉ DEL FRAGUA,386.77,429.26,653.83,655.00,425.00,209.00,311.00,245.00,353.00,92.00,119.00,145.00,304.00,552.00,488.00,611.00,"1,083.85","1,030.80","1,414.45","1,592.82"
18,CAQUETÁ,18753,SAN VICENTE DEL CAGUÁN,"2,900.49","1,713.38","1,193.14",606.00,407.00,603.00,231.00,332.00,380.00,373.00,545.00,215.00,78.00,77.00,164.00,412.00,406.84,403.29,380.85,264.01
18,CAQUETÁ,18756,SOLANO,"2,480.38","4,005.40","2,039.85","1,067.00","1,146.00",516.00,"1,015.00",808.00,"1,253.00",992.00,743.00,567.00,842.00,876.00,933.00,"1,269.00","1,285.05","1,577.25",763.80,825.37
18,CAQUETÁ,18785,SOLITA,"2,667.87","1,170.39",757.91,380.00,769.00,309.00,103.00,214.00,195.00,64.00,121.00,78.00,23.00,30.00,29.00,26.00,31.56,34.58,42.15,55.15
18,CAQUETÁ,18860,VALPARAÍSO,"2,400.72","1,240.15",832.48,292.00,690.00,"1,094.00",182.00,236.00,291.00,62.00,123.00,95.00,99.00,69.00,106.00,82.00,92.37,143.47,182.53,231.95
19,CAUCA,19022,ALMAGUER,,,,,,,,,,,,4.00,,,,,,,,
19,CAUCA,19050,ARGELIA,"1,543.00",445.01,206.34,218.00,93.00,65.00,153.00,161.00,637.00,483.00,300.00,296.00,200.00,470.00,121.00,"1,328.00",959.73,"1,754.51","1,956.52","2,369.96"
19,CAUCA,19075,BALBOA,399.00,,19.00,,94.00,23.00,24.00,91.00,192.00,15.00,49.00,77.00,62.00,43.00,24.00,80.00,223.80,112.27,82.33,198.37
19,CAUCA,19100,BOLÍVAR,212.00,,,,0.69,,3.00,21.00,14.00,4.00,108.00,142.00,16.00,20.00,1.00,24.00,48.98,51.71,85.31,15.90
19,CAUCA,19110,BUENOS AIRES,,,,,,,,,,10.00,5.00,,,,,16.00,27.00,2.20,64.54,125.74
19,CAUCA,19130,CAJIBÍO,,,30.48,,,,4.00,,,,2.00,,,7.00,,15.00,68.95,132.45,407.19,323.07
19,CAUCA,19142,CALOTO,,,,,,,,,,,,,,,,,16.10,26.26,,1.60
19,CAUCA,19212,CORINTO,,,,,,,,,,,,,,,,,26.70,38.91,,10.54
19,CAUCA,19256,EL TAMBO,141.00,"1,904.45","1,303.03",698.00,187.00,203.00,629.00,307.00,803.00,"1,240.00","1,284.00","1,560.00","1,514.00","1,876.00","1,297.00","2,522.00","3,468.18","5,300.28","6,661.01","7,242.99"
19,CAUCA,19290,FLORENCIA,,,,,,,,8.00,,,12.00,29.00,,,,,,,,
19,CAUCA,19318,GUAPI,,95.42,55.42,102.00,146.00,374.00,489.00,121.00,414.00,"1,434.00","1,368.00","1,022.00",984.00,396.00,182.00,191.00,256.88,525.78,720.88,678.57
19,CAUCA,19392,LA SIERRA,,,,,,,,,,4.00,,,,,,,,,,
19,CAUCA,19397,LA VEGA,,,,,,,,8.00,,1.00,,,,,,,,,,
19,CAUCA,19418,LÓPEZ,,25.05,57.97,97.00,15.00,59.00,63.00,79.00,273.00,476.00,921.00,791.00,"1,040.00",341.00,548.00,686.00,867.22,941.41,"1,467.97","1,319.76"
19,CAUCA,19450,MERCADERES,,,,,2.97,,,31.00,8.00,,75.00,137.00,420.00,17.00,21.00,120.00,95.06,140.70,126.54,25.14
19,CAUCA,19455,MIRANDA,,,,,,,,,,,,,,,,,3.67,5.98,,2.27
19,CAUCA,19473,MORALES,,,101.98,,,,9.00,10.00,118.00,29.00,32.00,55.00,32.00,76.00,17.00,70.00,155.25,166.89,340.32,309.79
19,CAUCA,19532,PATÍA  (El Bordo),,,,,,,6.00,83.00,48.00,105.00,109.00,82.00,51.00,58.00,76.00,97.00,203.53,327.96,350.34,405.01
19,CAUCA,19533,PIAMONTE,"2,828.30","1,684.77",899.15,818.00,651.00,281.00,517.00,594.00,669.00,523.00,165.00,131.00,253.00,516.00,461.00,602.00,"1,166.89","1,458.49","1,780.44","1,997.22"
19,CAUCA,19622,ROSAS,,,,,,,,,,,,,,,,,,,2.78,3.89
19,CAUCA,19701,SANTA ROSA,"1,168.00",351.70,,3.00,0.36,,229.00,135.00,,16.00,12.00,,,,,,,,,
19,CAUCA,19760,SOTARÁ (Paispamba),,,24.00,,,,,,,,,,,,,,,,,
19,CAUCA,19780,SUÁREZ,,,2.00,,,,,,32.00,32.00,4.00,1.00,,,1.00,49.00,139.65,170.45,267.19,383.53
19,CAUCA,19785,SUCRE,,,,,,,,,,,,,,,5.00,17.00,15.57,18.67,13.50,6.80
19,CAUCA,19807,TIMBÍO,,,40.92,,,,,3.00,,,,,,,,,,,,
19,CAUCA,19809,TIMBIQUÍ,,69.23,188.68,185.00,253.00,260.31,579.00,453.00,960.00,"1,050.00","1,698.00","1,581.00","1,494.00",507.00,572.00,572.00,907.47,"1,405.67","1,633.45","1,696.92"
19,CAUCA,19821,TORIBÍO,,,,,,,,,,,,,,,,,9.47,14.85,,
20,CESAR,20011,AGUACHICA,,153.10,,,,,,,,,,,,,,,,,,
20,CESAR,20178,CHIRIGUANÁ,,,,,,,,,,,,,,,,,,,2.43,
20,CESAR,20310,GONZÁLEZ,,,,,,,,,,,,,,5.00,4.00,2.00,16.22,6.58,7.78,7.10
20,CESAR,20383,LA GLORIA,,15.79,,,,,,,,,,,,,,,,,,
20,CESAR,20517,PAILITAS,,29.72,,,,,,,,5.00,,,,,,,,,,
20,CESAR,20550,PELAYA,,91.66,,,,,,,,,,,,,,,,,,
20,CESAR,20710,SAN ALBERTO,,131.42,,,,,,,,,,,,4.00,6.00,5.00,15.47,17.25,10.72,13.79
20,CESAR,20770,SAN MARTÍN,,357.05,,,,,,,,,,,,3.00,3.00,3.00,1.58,2.57,3.42,10.21
27,CHOCÓ,27006,ACANDÍ,,,,,,,,,,,,,6.00,4.00,2.00,4.00,3.34,2.20,8.96,4.47
27,CHOCÓ,27025,ALTO BAUDÓ (Pie de Pató),,,,,45.00,12.00,104.00,7.00,259.00,391.00,159.00,489.00,196.00,268.00,105.00,135.00,47.87,57.97,39.17,21.62
27,CHOCÓ,27050,ATRATO (Yuto),,,,,,,,,,,4.00,,,8.00,2.00,,,,,
27,CHOCÓ,27075,BAHÍA SOLANO (Mutis),,,,,,,,,,,,7.00,,,,,,,,
27,CHOCÓ,27077,BAJO BAUDÓ  (Pizarro),,,,,177.00,78.00,332.00,82.00,353.00,"1,114.00",147.00,341.00,248.00,562.00,145.00,218.00,131.16,138.22,79.75,53.69
27,CHOCÓ,27099,BOJAYÁ (Bellavista),,,,,,,,,,,,,4.00,2.00,,,,,,
27,CHOCÓ,27150,CARMEN DEL DARIÉN  (Curbaradó),,,,,,,,,,,,,,63.00,76.00,23.00,48.14,98.28,159.99,153.39
27,CHOCÓ,27205,CONDOTO,,,,,,1.00,3.00,,6.00,55.00,13.00,33.00,59.00,10.00,7.00,10.00,20.57,3.36,13.53,11.43
27,CHOCÓ,27135,EL CANTÓN DEL SAN PABLO,,,,,1.35,12.00,48.00,,25.00,52.00,63.00,133.00,68.00,58.00,29.00,50.00,47.82,34.76,11.73,5.51
27,CHOCÓ,27250,EL LITORAL DEL SAN JUAN,,,,,,1.26,1.98,3.00,11.00,102.00,24.00,60.00,36.00,144.00,67.00,120.00,37.98,98.35,184.52,138.36
27,CHOCÓ,27361,ISTMINA,,,,,57.00,36.00,196.00,210.00,205.00,425.00,497.00,847.00,684.00,760.00,369.00,517.00,303.11,476.71,743.05,577.36
27,CHOCÓ,27372,JURADÓ,,,,,,,,,,,,13.00,18.00,9.00,9.00,,,,,
27,CHOCÓ,27413,LLORÓ,,,,,,,,,,,,10.00,,4.00,,,,,1.37,
27,CHOCÓ,27425,MEDIO ATRATO (Beté),,,,,,,,,,,,4.00,3.00,4.00,,,,,,
27,CHOCÓ,27430,MEDIO BAUDÓ (Boca de Pepé),,,,,4.23,11.00,68.00,24.00,77.00,228.00,254.00,333.00,352.00,606.00,177.00,231.00,134.81,68.85,64.52,43.42
27,CHOCÓ,27450,MEDIO SAN JUAN (Andagoya),,,,,,,,,,,,,,305.00,192.00,153.00,304.90,136.34,305.05,224.96
27,CHOCÓ,27491,NÓVITA,,,,,93.00,30.00,90.00,237.00,76.00,215.00,190.00,249.00,464.00,165.00,91.00,53.00,78.94,75.26,162.33,130.29
27,CHOCÓ,27495,NUQUÍ,,,,,,2.00,5.00,2.00,8.00,23.00,19.00,13.00,12.00,33.00,3.00,6.00,,,,
27,CHOCÓ,27001,QUIBDÓ,,,,,,,2.97,3.00,3.00,7.00,42.00,26.00,14.00,25.00,11.00,2.00,5.76,3.75,7.16,3.52
27,CHOCÓ,27580,RÍO IRÓ (Santa Rita),,,,,,,,,,,,,,12.00,12.00,13.00,14.05,7.90,27.68,16.33
27,CHOCÓ,27600,RÍO QUITO (Paimadó),,,,,,9.00,21.00,,22.00,9.00,,30.00,16.00,16.00,3.00,3.00,2.59,,,
27,CHOCÓ,27615,RIOSUCIO,,250.00,354.00,,,,,,,,75.00,243.00,86.00,196.00,130.00,40.00,90.70,35.75,113.87,104.01
27,CHOCÓ,27660,SAN JOSÉ DEL PALMAR,,,,,,,,,7.00,94.00,57.00,107.00,104.00,43.00,92.00,47.00,44.43,323.42,392.52,391.55
27,CHOCÓ,27745,SIPÍ,,,,,76.00,127.00,150.00,248.00,28.00,74.00,122.00,191.00,130.00,125.00,106.00,99.00,91.25,217.90,258.00,246.96
27,CHOCÓ,27787,TADÓ,,,,,,2.00,1.53,,,5.00,,,4.00,3.00,2.00,3.00,5.51,3.16,2.71,
27,CHOCÓ,27800,UNGUÍA,,,,,,,,,,,,29.00,6.00,4.00,31.00,14.00,75.87,20.66,34.68,28.26
27,CHOCÓ,27810,UNIÓN PANAMERICANA (Ánimas),,,,,,2.07,1.41,,,,,,1.00,,,,,,,
23,CÓRDOBA,23350,LA APARTADA,,,6.56,,,,,,,,,,,,,,,,,
23,CÓRDOBA,23466,MONTELÍBANO,719.42,48.41,40.55,66.00,232.66,428.00,"1,021.00",376.00,360.00,621.00,681.00,835.00,240.00,224.00,43.00,77.00,186.65,573.86,"1,181.13",974.04
23,CÓRDOBA,23580,PUERTO LIBERTADOR,483.42,54.83,270.78,141.00,193.00,339.00,978.00,447.00,"1,084.00",464.00,728.00,579.00,243.00,214.00,36.00,64.00,207.45,570.62,"1,412.22","1,013.93"
23,CÓRDOBA,23682,SAN JOSÉ DE URÉ,,,,,,,,,,,,,,99.00,13.00,42.00,97.97,231.94,552.70,441.70
23,CÓRDOBA,23807,TIERRALTA,684.22,13.44,322.01,178.00,399.00,669.00,"1,124.00",389.00,414.00,624.00,"1,360.00","2,474.00",604.00,509.00,341.00,376.00,858.62,"1,290.07","1,629.68","2,201.26"
23,CÓRDOBA,23855,VALENCIA,33.67,,,,13.04,99.00,13.00,4.00,,1.00,12.00,1.00,1.00,,6.00,1.00,12.31,1.80,4.71,5.48
25,CUNDINAMARCA,25148,CAPARRAPÍ,,,,,,,,3.00,4.00,,,1.00,1.00,,,,,,,
25,CUNDINAMARCA,25518,PAIME,,,,,12.00,4.00,,2.00,2.00,,,,,,,,,,,
25,CUNDINAMARCA,25823,TOPAIPÍ,,,,,5.94,8.00,,2.00,1.00,,,,,,,,,,,
25,CUNDINAMARCA,25885,YACOPÍ,,65.80,1.62,57.00,39.00,60.00,56.00,113.00,124.00,12.00,,31.00,17.00,,,,,,,
94,GUAINÍA,94343,BARRANCO MINA (Cor. Departamental),,542.21,363.81,232.00,405.00,342.00,396.00,362.00,308.00,155.00,275.00,122.00,89.00,67.00,30.00,11.00,4.34,2.28,,
94,GUAINÍA,94001,INIRIDA,,37.22,276.00,247.00,137.00,134.00,182.00,186.00,150.00,187.00,114.00,147.00,135.00,105.00,27.00,19.00,,,,
94,GUAINÍA,94663,MAPIRIPANA (Cor. Departamental),,,,,,,,,,,,,,50.00,19.00,28.00,16.71,3.46,3.72,
94,GUAINÍA,94888,MORICHAL (Morichal Nuevo) (Cor. Departamental),,238.66,221.00,114.00,162.00,185.00,117.00,164.00,102.00,117.00,77.00,93.00,66.00,62.00,4.00,3.00,15.68,15.87,26.82,41.22
94,GUAINÍA,94887,PANÁ PANÁ (Campo Alegre) (Cor. Departamental),,34.90,68.00,38.00,7.00,43.00,38.00,27.00,28.00,40.00,30.00,29.00,28.00,12.00,1.00,2.00,,,,
94,GUAINÍA,94884,PUERTO COLOMBIA (Cor. Departamental),,,191.00,117.00,15.00,17.28,19.00,14.00,35.00,126.00,42.00,55.00,,5.00,,3.00,,,,
95,GUAVIARE,95015,CALAMAR,"4,467.95","2,926.32","4,966.03","4,297.00","2,172.00","1,186.00","1,175.00","1,497.00","1,147.00",808.00,721.00,546.00,862.00,458.00,399.00,614.00,455.19,542.29,416.39,241.84
95,GUAVIARE,95025,EL RETORNO,"6,699.75","2,235.62","4,230.99","4,458.00","5,070.00","3,183.00","2,648.00","2,799.00","3,272.00","2,415.00","2,371.00","1,732.00","1,701.00","1,028.00","1,314.00","1,600.00","1,615.35","2,191.55","1,405.66","1,545.09"
95,GUAVIARE,95200,MIRAFLORES,"10,608.40","9,770.62","11,777.05","14,606.00","2,248.00","1,646.00","1,704.00","1,382.00","1,699.00","1,263.00","2,325.00","1,719.00","2,590.00","1,391.00","1,780.00","1,922.00","1,851.54","2,297.16","1,699.29","1,378.40"
95,GUAVIARE,95001,SAN JOSÉ DEL GUAVIARE,"6,658.90","2,686.49","3,089.50","4,019.00","6,673.00","3,755.00","3,131.00","3,799.00","3,181.00","2,143.00","2,907.00","1,704.00","1,686.00",973.00,"1,232.00","1,522.00","1,501.04","1,806.99","1,401.33","1,174.63"
44,LA GUAJIRA,44090,DIBULLA,,138.11,193.71,349.00,275.31,556.00,327.00,166.00,87.00,160.00,163.00,132.00,16.00,10.00,6.00,,,,1.69,1.61
44,LA GUAJIRA,44001,RIOHACHA,,107.11,,5.00,0.21,,2.00,,,,,2.00,,,,,,,,
44,LA GUAJIRA,44650,SAN JUAN DEL CESAR,,76.62,,,,,,,,,,,,,,,,,,
,,,,,,,,,,,,,,,,,,,,,,,
47,MAGDALENA,47053,ARACATACA,14.00,,,,,,,,,,22.00,36.00,13.00,6.00,1.00,1.00,2.09,,,
47,MAGDALENA,47189,CIÉNAGA,57.00,9.63,11.67,1.00,45.13,6.00,,13.00,1.00,23.00,4.00,20.00,3.00,3.00,,,,,,
47,MAGDALENA,47288,FUNDACIÓN,,,,,,,,,,,15.00,,,,1.00,,,,,
47,MAGDALENA,47001,SANTA MARTA (Distrito Turístico Cultural e Histórico),450.00,190.84,438.58,643.00,439.00,700.00,213.00,258.00,277.00,368.00,111.00,65.00,30.00,28.00,35.00,8.00,4.72,34.93,7.88,12.45
50,META,50251,EL CASTILLO,,0.48,,,,,,,,,,,,,,,,,,
50,META,50350,LA MACARENA,"4,885.89","4,829.34","4,203.06","2,084.00","1,033.00","1,422.00",660.00,574.00,565.00,218.00,189.00,186.00,151.00,228.00,307.00,"1,431.00","1,333.11","1,635.22","1,647.55",560.18
50,META,50400,LEJANÍAS,,,,,,,,,,,,,,,,3.00,,,,
50,META,50325,MAPIRIPÁN,,"1,360.56","1,805.41","2,141.00","5,368.00","2,657.00","2,658.00","3,311.00","2,230.00","2,180.00","2,123.00","1,144.00","1,109.00",144.00,437.00,180.00,235.28,338.43,315.66,231.86
50,META,50330,MESETAS,903.42,908.93,533.66,619.00,533.00,262.00,143.00,67.00,56.00,62.00,19.00,7.00,,29.00,37.00,79.00,78.50,104.19,86.72,45.15
50,META,50450,PUERTO CONCORDIA,585.78,144.44,147.16,299.00,769.00,943.00,363.00,439.00,182.00,75.00,82.00,76.00,91.00,70.00,49.00,82.00,50.25,63.87,77.84,35.02
50,META,50568,PUERTO GAITÁN,,22.12,111.41,147.00,641.00,"1,518.00",168.00,214.00,231.00,386.00,212.00,181.00,122.00,86.00,7.00,3.00,,,,
50,META,50577,PUERTO LLERAS,"1,164.03",195.83,45.78,102.00,171.00,"1,261.00","1,511.00",578.00,494.00,134.00,30.00,13.00,20.00,31.00,14.00,8.00,13.35,27.39,24.15,9.32
50,META,50573,PUERTO LÓPEZ,,,,,0.27,,,,,,,,,,,,,,,
50,META,50590,PUERTO RICO,"1,892.82","1,736.93","1,701.20","2,426.00","2,437.00","6,393.00","7,040.00","3,519.00","2,658.00",938.00,860.00,757.00,883.00,"1,064.00","1,101.00","1,616.00","1,619.74","1,592.76","1,773.19","1,081.90"
50,META,50683,SAN JUAN DE ARAMA,,19.63,35.26,17.00,17.02,18.00,49.00,17.00,116.00,39.00,27.00,87.00,48.00,29.00,91.00,121.00,155.83,48.40,70.28,46.09
50,META,50689,SAN MARTÍN,,,,3.00,7.10,161.00,8.00,23.00,1.00,,,,19.00,,,,,,,
50,META,50370,URIBE,"1,182.21","1,168.55",880.21,452.00,481.00,632.00,264.00,32.00,61.00,6.00,8.00,36.00,72.00,110.00,49.00,182.00,162.77,202.29,108.77,78.44
50,META,50711,VISTAHERMOSA,769.80,736.47,"1,283.23",929.00,"1,357.00","3,473.00","4,441.00","2,289.00","3,792.00","1,487.00",745.00,521.00,524.00,908.00,806.00,"1,337.00","1,353.19","1,451.32","1,473.05",856.63
52,NARIÑO,52019,ALBÁN (San José),209.00,,,,,,,,,,,,,,,,,,,
52,NARIÑO,52036,ANCUYA,,,,,,,43.00,,17.00,2.00,3.00,,,,,3.00,21.00,24.25,45.60,24.63
52,NARIÑO,52079,BARBACOAS,383.32,"1,769.58",713.70,"2,187.00","2,767.00","1,469.00","1,920.00","1,460.00","1,586.00","3,080.00","2,928.00","3,433.00","3,193.00","1,815.00","1,511.00","1,330.00","2,453.49","3,359.37","4,590.50","3,516.29"
52,NARIÑO,52110,BUESACO,,,,,,,,,,,,,,4.00,,,,,,
52,NARIÑO,52207,CONSACÁ,,,,,,,5.00,,,,,,,,,,,,,
52,NARIÑO,52210,CONTADERO,,,2.00,,,,,,,,,,,,,,,,,
52,NARIÑO,52215,CÓRDOBA,,,1.00,,,,,,,,,,,,,,,,,
52,NARIÑO,52227,CUMBAL,,,,,,,,2.00,,,,,,,,,,,,
52,NARIÑO,52233,CUMBITARA,,11.11,3.00,140.00,301.00,127.20,329.00,483.00,452.00,250.00,451.00,221.00,194.00,97.00,115.00,107.00,209.49,527.30,666.80,778.23
52,NARIÑO,52250,EL CHARCO,,665.51,984.49,798.00,699.00,649.00,741.00,741.00,"1,728.00","2,202.00","1,130.00",748.00,"1,080.00",702.00,"1,020.00","1,263.00","1,417.79","2,819.91","4,630.67","5,147.73"
52,NARIÑO,52254,EL PEÑOL,,,,,,,,,91.00,,19.00,86.00,,,1.00,23.00,34.90,51.17,97.31,55.80
52,NARIÑO,52256,EL ROSARIO,,56.79,28.23,102.00,230.00,221.00,508.00,372.00,434.00,273.00,290.00,253.00,203.00,169.00,127.00,133.00,244.55,573.94,765.36,842.49
52,NARIÑO,52260,EL TAMBO,,,,,,,7.00,,13.00,2.00,4.00,65.00,,,1.00,20.00,114.28,97.62,176.28,98.48
52,NARIÑO,52520,FRANCISCO PIZARRO (Salahonda),,13.92,37.42,45.00,16.00,107.00,153.00,192.00,501.00,407.00,189.00,189.00,207.00,59.00,61.00,66.00,91.80,157.38,258.10,304.75
52,NARIÑO,52356,IPIALES,"1,063.00","2,139.72","1,130.45",350.00,212.00,520.00,629.00,357.00,123.00,215.00,192.00,139.00,247.00,162.00,370.00,664.00,887.49,"1,132.06","1,273.67",928.49
52,NARIÑO,52381,LA FLORIDA,,,,,,,,,,,,,,,,3.00,30.06,51.43,83.95,39.87
52,NARIÑO,52385,LA LLANADA,,,,12.00,5.88,,1.00,4.00,,7.00,35.00,24.00,3.00,5.00,3.00,28.00,53.35,83.82,146.45,142.47
52,NARIÑO,52390,LA TOLA,,13.66,15.00,29.00,1.89,94.00,27.00,75.00,184.00,164.00,465.00,139.00,63.00,31.00,41.00,78.00,120.36,119.83,292.30,280.36
52,NARIÑO,52405,LEIVA,,,10.00,,41.00,40.00,58.00,,185.00,66.00,24.00,36.00,35.00,7.00,2.00,11.00,39.73,212.79,279.18,290.17
52,NARIÑO,52411,LINARES,,,,,,,43.00,,22.00,5.00,11.00,96.00,15.00,100.00,52.00,122.00,262.52,284.66,558.06,504.71
52,NARIÑO,52418,LOS ANDES (Sotomayor),,,,,,,,1.00,81.00,2.00,18.00,103.00,33.00,26.00,55.00,93.00,166.25,177.57,364.39,294.95
52,NARIÑO,52427,MAGÜÍ (Payán),,"1,708.84","1,693.61","2,398.00","3,532.00","2,175.00","2,139.00","1,002.00","2,593.00","2,240.00","1,323.00","1,207.00","1,563.00",494.00,478.00,586.00,861.96,"1,273.22","1,716.95","2,023.63"
52,NARIÑO,52435,MALLAMA (Piedrancha),,,,,0.07,,,,1.00,3.00,,,,,,,,,1.16,18.12
52,NARIÑO,52473,MOSQUERA,,,33.97,119.00,55.00,289.00,38.00,34.00,188.00,140.00,129.00,84.00,222.00,76.00,115.00,118.00,159.05,239.90,218.44,227.25
52,NARIÑO,52490,OLAYA HERRERA (Bocas de Satinga),,12.85,14.00,690.00,506.00,575.00,517.00,870.00,"1,972.00","1,286.00","1,452.00",612.00,"1,104.00",712.00,719.00,"1,445.00","2,173.01","2,572.72","3,355.53","3,504.58"
52,NARIÑO,52540,POLICARPA,339.00,12.60,15.00,29.00,215.00,236.00,212.00,545.00,773.00,221.00,389.00,235.00,202.00,165.00,301.00,199.00,326.09,733.27,960.41,936.40
52,NARIÑO,52573,PUERRES,,,1.00,1.00,,,,,,,,,,,,,,,,
52,NARIÑO,52612,RICAURTE,199.00,1.55,8.00,23.00,15.92,93.00,1.00,52.00,53.00,6.00,67.00,75.00,68.00,61.00,106.00,93.00,125.81,333.00,784.16,808.56
52,NARIÑO,52621,ROBERTO PAYÁN (San José),746.00,"1,008.37","1,048.21","2,361.00","3,509.00","2,409.00","2,265.00","1,011.00","2,896.00","2,336.00","1,539.00","1,585.00","2,058.00",460.00,858.00,"1,147.00","1,938.22","2,404.27","2,733.71","2,852.94"
52,NARIÑO,52678,SAMANIEGO,74.00,54.64,,5.00,8.94,,7.00,46.00,24.00,120.00,281.00,531.00,551.00,226.00,336.00,402.00,742.71,"1,394.60",869.33,856.85
52,NARIÑO,52693,SAN PABLO,,,,,3.91,,,1.00,,,,,,,,,,,,
52,NARIÑO,52683,SANDONÁ,,,,,,,15.00,11.00,,,,,,,,1.00,4.64,8.28,16.13,8.82
52,NARIÑO,52696,SANTA BÁRBARA (Iscuandé),,63.37,232.70,258.00,274.00,345.00,213.00,"1,303.00",700.00,706.00,802.00,615.00,587.00,294.00,279.00,368.00,283.68,785.28,530.17,560.34
52,NARIÑO,52699,SANTA CRUZ (Guachavés),170.00,,,,,,,,,14.00,4.00,11.00,10.00,3.00,14.00,19.00,33.02,61.79,803.08,809.55
52,NARIÑO,52835,TUMACO,776.00,"1,810.85","1,421.36","5,585.00","5,234.00","4,806.00","4,004.00","7,045.00","5,642.00","5,865.00","4,682.00","5,464.00","5,593.00","5,065.00","6,612.00","8,963.00","16,960.24","23,147.95","19,516.93","16,046.85"
54,NORTE DE SANTANDER,54003,ÁBREGO,10.90,26.45,,,,7.00,,,,,8.00,,15.00,20.00,13.00,17.00,22.12,24.03,65.45,73.29
54,NORTE DE SANTANDER,54109,BUCARASICA,,,,,20.00,,,3.00,2.00,3.00,,,6.00,5.00,3.00,3.00,,,3.82,10.64
54,NORTE DE SANTANDER,54128,CÁCHIRA,118.35,40.49,,,,,,,2.00,71.00,51.00,37.00,164.00,38.00,16.00,15.00,10.32,15.42,,
54,NORTE DE SANTANDER,54206,CONVENCIÓN,,136.51,13.41,33.00,39.00,181.00,15.00,15.00,41.00,54.00,225.00,68.00,180.00,356.00,999.00,553.00,855.88,890.62,"1,315.66","1,686.74"
54,NORTE DE SANTANDER,54001,CÚCUTA,,72.18,34.05,47.00,43.08,17.00,,,,1.00,38.00,10.00,32.00,38.00,61.00,33.00,55.96,280.97,323.11,316.89
54,NORTE DE SANTANDER,54245,EL CARMEN,52.02,73.70,4.39,24.00,102.00,212.00,,5.00,58.00,285.00,215.00,86.00,212.00,222.00,871.00,436.00,568.84,664.27,758.44,702.19
54,NORTE DE SANTANDER,54250,EL TARRA,"1,547.64",999.53,589.64,524.00,544.00,783.00,219.00,104.00,764.00,480.00,314.00,217.00,410.00,566.00,662.00,809.00,"2,074.54","3,682.70","4,300.60","4,916.63"
54,NORTE DE SANTANDER,54261,EL ZULIA,,31.82,13.37,36.00,26.11,22.00,,,,17.00,10.00,2.00,41.00,18.00,25.00,13.00,14.07,94.10,134.14,152.03
54,NORTE DE SANTANDER,54344,HACARÍ,417.86,149.24,21.71,9.00,14.74,74.00,30.00,15.00,,,,1.00,48.00,59.00,51.00,103.00,152.46,214.94,386.77,402.71
54,NORTE DE SANTANDER,54385,LA ESPERANZA,,146.52,,1.00,,,,,64.00,121.00,73.00,61.00,92.00,45.00,30.00,7.00,8.84,11.91,2.02,2.40
54,NORTE DE SANTANDER,54398,LA PLAYA,1.02,5.29,,,,,,,,,1.00,,26.00,4.00,,15.00,5.41,6.13,25.59,26.83
54,NORTE DE SANTANDER,54418,LOURDES,,,,,4.99,,,3.00,,,,,3.00,1.00,,,,,,
54,NORTE DE SANTANDER,54498,OCAÑA,,,,,,,,,,,,,,,1.00,4.00,6.97,9.04,10.62,42.12
54,NORTE DE SANTANDER,54670,SAN CALIXTO,235.82,149.83,19.56,9.00,13.26,136.00,25.00,13.00,34.00,62.00,42.00,,66.00,134.00,208.00,181.00,736.53,445.04,640.32,765.34
54,NORTE DE SANTANDER,54720,SARDINATA,974.69,832.67,586.05,793.00,864.00,158.00,47.00,26.00,93.00,463.00,245.00,193.00,"1,125.00",723.00,837.00,"1,078.00",865.94,"3,847.36","4,112.41","5,487.34"
54,NORTE DE SANTANDER,54800,TEORAMA,"1,115.88",340.10,679.19,217.00,393.00,200.00,84.00,42.00,186.00,296.00,509.00,271.00,298.00,628.00,663.00,680.00,"1,770.15","1,856.70","2,479.63","2,915.98"
54,NORTE DE SANTANDER,54810,TIBÚ,"10,564.73","3,187.70","9,677.49","6,340.00","2,398.00","1,266.00",424.00,262.00,702.00,"1,033.00",982.00,943.00,772.00,"1,658.00","1,905.00","2,997.00","4,379.08","12,787.38","13,685.69","16,096.74"
54,NORTE DE SANTANDER,54820,TOLEDO,,87.83,80.11,9.00,8.92,,,,,,,,,,,,,,,
86,PUTUMAYO,86001,MOCOA,274.43,510.56,112.00,122.00,91.00,27.04,69.00,145.00,142.00,97.00,37.00,15.00,48.00,107.00,49.00,105.00,106.88,111.20,76.23,70.14
86,PUTUMAYO,86320,ORITO,"9,734.96","10,854.98","7,629.19","1,442.00",352.00,516.00,523.00,"1,153.00","1,740.00","1,269.00",583.00,556.00,"1,086.00",428.00,784.00,"1,639.00","2,189.80","2,987.87","3,969.91","3,949.26"
86,PUTUMAYO,86568,PUERTO ASÍS,"11,340.48","13,018.72","8,679.57","2,898.00","1,527.00",543.00,"1,414.00","2,509.00","4,531.00","2,627.00","1,225.00","1,551.00","2,735.00","1,463.00","2,150.00","4,437.00","6,052.03","7,453.44","9,664.60","7,657.88"
86,PUTUMAYO,86569,PUERTO CAICEDO,"3,454.66","4,146.60","2,340.00",709.00,210.00,141.00,330.00,547.00,929.00,449.00,326.00,281.00,854.00,526.00,682.00,"1,046.00","1,481.21","1,782.14","2,998.37","2,905.02"
86,PUTUMAYO,86571,PUERTO GUZMÁN,"7,986.52","6,153.36","4,184.77","2,494.00","2,297.00","1,050.00","1,928.00","2,118.00","1,827.00","1,077.00",794.00,623.00,"1,413.00",656.00,624.00,915.00,"1,298.66","1,584.84","2,029.90","2,014.05"
86,PUTUMAYO,86573,PUERTO LEGUÍZAMO,"2,622.11","5,368.41","3,831.27","3,187.00","1,454.00","1,275.00","2,546.00","2,562.00","1,530.00","1,653.00","1,150.00","1,044.00","1,696.00","1,218.00","1,077.00","1,276.00","1,804.80","1,992.38","1,403.95","1,104.11"
86,PUTUMAYO,86757,SAN MIGUEL (La Dorada),"8,700.96","7,983.17","4,041.29",903.00,600.00,194.40,661.00,756.00,867.00,481.00,263.00,136.00,499.00,416.00,659.00,"1,094.00","2,338.17","3,128.40","3,553.66","3,329.07"
86,PUTUMAYO,86760,SANTIAGO,,,11.00,8.00,,,3.00,6.00,,8.00,3.00,3.00,,2.00,4.00,6.00,4.64,5.28,,
86,PUTUMAYO,86865,VALLE DEL GUAMUEZ (La Hormiga),"14,031.40","16,523.88","9,269.25","1,553.00",850.00,471.00,"1,033.00","1,896.00","2,334.00","1,319.00",583.00,335.00,"1,010.00",644.00,"1,093.00","2,050.00","3,660.05","4,885.79","4,132.44","3,362.77"
86,PUTUMAYO,86885,VILLAGARZÓN,151.49,"1,462.69",952.06,410.00,178.00,169.00,456.00,561.00,913.00,678.00,353.00,241.00,611.00,688.00,545.00,"1,041.00","1,131.39","1,231.07","1,759.91","2,015.26"
68,SANTANDER,68020,ALBANIA,,,,5.00,,2.07,,,,,,,,,,,,,,
68,SANTANDER,68081,BARRANCABERMEJA,,196.58,,,,,,,,,,,,,,,,,,
68,SANTANDER,68092,BETULIA,,128.98,,,,62.00,54.00,10.00,35.00,,,,,,,,,,,
68,SANTANDER,68101,BOLÍVAR,,283.67,92.55,101.00,307.00,487.00,393.00,284.00,742.00,690.00,272.00,165.00,159.00,30.00,28.00,5.00,4.62,14.58,6.82,3.63
68,SANTANDER,68176,CHIMA,,18.82,,10.00,,,,,,,,,,,,,,,,
68,SANTANDER,68190,CIMITARRA,,193.24,26.89,120.00,96.00,157.00,84.00,66.00,100.00,330.00,159.00,106.00,45.00,9.00,2.00,,,,3.04,1.55
68,SANTANDER,68209,CONFINES,,26.65,,1.00,,,,,,,,,,,,,,,,
68,SANTANDER,68211,CONTRATACIÓN,,,,,,,,,,,5.00,,,,,,,,,
68,SANTANDER,68235,EL CARMEN,,339.74,,18.00,,,3.00,8.00,4.00,3.00,17.00,,,2.00,,,1.16,4.92,4.51,2.84
68,SANTANDER,68250,EL PEÑÓN,,38.90,3.00,,18.27,24.00,21.00,32.00,8.00,36.00,23.00,14.00,3.00,,,1.00,,,,2.24
68,SANTANDER,68255,EL PLAYÓN,,28.55,,,,,,,,10.00,14.00,12.00,60.00,2.00,5.00,5.00,2.56,,,
68,SANTANDER,68271,FLORIÁN,,5.03,,,8.92,7.00,,6.00,6.00,,,,,,,,,,,
68,SANTANDER,68307,GIRÓN,,72.63,,,,,,,,,,,,,,,,,,
68,SANTANDER,68322,GUAPOTÁ,,,,,,1.00,,,,,,,,,,,,,,
68,SANTANDER,68324,GUAVATÁ,,,,,,14.32,,,,,,,,,,,,,,
68,SANTANDER,68344,HATO,,24.37,,,,,,,,,,,,,,,,,,
68,SANTANDER,68377,LA BELLEZA,,65.75,22.06,25.00,25.56,96.00,73.00,96.00,53.00,94.00,72.00,31.00,77.00,7.00,3.00,1.00,,,,
68,SANTANDER,68397,LA PAZ,,,,,4.98,1.00,,,,,10.00,,,,,,,,,
68,SANTANDER,68385,LANDÁZURI,,155.42,12.65,43.00,0.91,23.18,77.00,107.00,63.00,126.00,75.00,78.00,34.00,14.00,1.00,1.00,,,,
68,SANTANDER,68522,PALMAR,,20.26,,,,,,,,,,,,,,,,,,
68,SANTANDER,68524,PALMAS DEL SOCORRO,,57.72,,1.00,,,,,,,,,,,,,,,,
68,SANTANDER,68573,PUERTO PARRA,,117.51,,19.00,2.79,5.00,28.00,16.00,44.00,41.00,21.00,27.00,16.00,5.00,,,,,,
68,SANTANDER,68615,RIONEGRO,,46.49,,1.00,,,,,,3.00,21.00,23.00,51.00,2.00,5.00,2.00,1.98,2.24,5.68,
68,SANTANDER,68655,SABANA DE TORRES,,95.25,,,,,,,8.00,,,,,,,,,,,
68,SANTANDER,68689,SAN VICENTE DE CHUCURÍ,,453.29,,,,18.81,27.00,4.00,23.00,,1.00,,,,,,,,,
68,SANTANDER,68720,SANTA HELENA DEL OPÓN,,,,45.00,18.00,21.00,2.00,7.00,14.00,2.00,38.00,48.00,35.00,5.00,3.00,2.00,4.92,10.82,3.86,6.24
68,SANTANDER,68745,SIMACOTA,,300.84,,19.00,33.00,20.00,1.00,7.00,13.00,7.00,5.00,35.00,10.00,1.00,1.00,,,4.68,6.08,4.08
68,SANTANDER,68755,SOCORRO,,42.65,,2.00,,,,,,,,,,,,,,,,
68,SANTANDER,68773,SUCRE,,50.91,3.00,55.00,109.00,173.00,199.00,205.00,204.00,449.00,191.00,95.00,86.00,31.00,26.00,7.00,3.39,,,
68,SANTANDER,68861,VÉLEZ,,62.52,,,7.29,12.18,19.00,18.00,8.00,,29.00,39.00,19.00,2.00,3.00,1.00,2.03,,,
76,VALLE DEL CAUCA,76100,BOLÍVAR,,,,,,0.97,18.00,75.00,2.00,17.00,1.00,15.00,52.00,14.00,23.00,5.00,16.18,31.24,75.42,80.85
76,VALLE DEL CAUCA,76109,BUENAVENTURA,,75.85,186.35,66.00,32.00,44.00,10.00,149.00,400.00,"1,651.00",794.00,558.00,842.00,422.00,338.00,539.00,627.86,680.47,"1,030.16",987.23
76,VALLE DEL CAUCA,76001,CALI,,,,,,,,,,2.00,,,,,,,,,,
76,VALLE DEL CAUCA,76126,CALIMA (El Darién),,,,,5.00,,,57.00,51.00,386.00,134.00,92.00,73.00,46.00,31.00,16.00,24.36,33.55,43.60,44.93
76,VALLE DEL CAUCA,76233,DAGUA,,,,34.00,,,,,,8.00,,,14.00,,6.00,1.00,3.14,3.03,45.82,36.61
76,VALLE DEL CAUCA,76364,JAMUNDÍ,,,,11.00,,,,,,25.00,,,,,,,18.44,3.64,61.56,116.92
76,VALLE DEL CAUCA,76834,TULUÁ,,,,,,,,,,,,,,,,,,,4.75,4.02
97,VAUPÉS,97161,CARURÚ,830.28,827.76,"1,279.80","1,125.00",827.00,638.00,386.00,189.00,157.00,168.00,63.00,60.00,100.00,105.00,125.00,92.00,31.03,96.66,105.46,64.74
97,VAUPÉS,97001,MITÚ,183.72,594.41,380.52,269.00,230.00,389.00,262.00,259.00,125.00,331.00,190.00,424.00,111.00,125.00,54.00,16.00,1.61,,,
97,VAUPÉS,97511,PACOA (Cor. Departamental),,,36.42,20.00,34.95,,1.00,3.00,16.00,27.00,78.00,183.00,60.00,15.00,,,,,,
97,VAUPÉS,97777,PAPUNAUA (Cor. Departamental),,70.51,73.02,58.00,7.89,33.00,21.00,9.00,5.00,26.00,15.00,27.00,1.00,6.00,4.00,1.00,,,,
97,VAUPÉS,97666,TARAIRA,,,,,,,,,,,1.00,14.00,5.00,1.00,,,,,,
97,VAUPÉS,97889,YAVARATÉ (Cor. Departamental),,,1.00,14.00,57.00,23.69,1.00,,4.00,5.00,4.00,13.00,,2.00,1.00,,,,,
99,VICHADA,99773,CUMARIBO,,"4,920.10","7,943.17","4,846.00","3,758.00","4,629.00","7,599.00","5,470.00","7,109.00","3,128.00","3,093.00","2,705.00","2,234.00","1,234.00",710.00,507.00,683.14,699.19,652.72,549.97
99,VICHADA,99524,LA PRIMAVERA,,14.59,122.70,63.00,60.00,63.00,227.00,53.00,108.00,46.00,35.00,38.00,30.00,8.00,3.00,4.00,,,,
99,VICHADA,99624,SANTA ROSALÍA,,,,,,,,,1.00,,12.00,,,,,,,,,